vertices,cubes,threads,frame,updateVBO
80000,10000,4,30.2541,6.36575
80000,10000,4,11.5473,6.8248
80000,10000,4,16.1053,9.65003
80000,10000,4,14.7681,7.75736
80000,10000,4,12.3412,7.458
80000,10000,4,13.7617,10.1989
80000,10000,4,18.7109,10.2487
80000,10000,4,17.4244,8.94352
80000,10000,4,16.6246,7.54439
80000,10000,4,19.2138,7.51598
80000,10000,4,14.4186,6.21692
80000,10000,4,16.0391,7.27984
80000,10000,4,16.1548,7.92102
80000,10000,4,16.5233,6.9028
80000,10000,4,16.8682,7.1558
80000,10000,4,17.0956,7.34776
80000,10000,4,16.0358,8.21579
80000,10000,4,16.904,6.99594
80000,10000,4,15.5248,7.27185
80000,10000,4,15.5908,10.4006
80000,10000,4,12.9932,6.62042
80000,10000,4,13.7699,7.36951
80000,10000,4,15.2068,8.14779
80000,10000,4,16.5124,7.05242
80000,10000,4,15.3791,8.05678
80000,10000,4,15.4261,6.76942
80000,10000,4,15.0233,6.57673
80000,10000,4,15.3622,6.50682
80000,10000,4,15.0161,6.59398
80000,10000,4,15.0413,7.2309
80000,10000,4,15.6314,6.61842
80000,10000,4,15.4411,6.56349
80000,10000,4,15.9188,6.69864
80000,10000,4,14.8142,6.45484
80000,10000,4,14.3952,7.43782
80000,10000,4,15.1037,7.40331
80000,10000,4,15.0909,6.88937
80000,10000,4,14.7654,6.23873
80000,10000,4,14.6987,7.04022
80000,10000,4,16.5137,7.7443
80000,10000,4,14.7335,7.27684
80000,10000,4,15.4602,6.2625
80000,10000,4,14.2149,6.36325
80000,10000,4,17.6591,7.67946
80000,10000,4,14.2502,7.7473
80000,10000,4,15.4702,7.1328
80000,10000,4,14.7764,8.94178
80000,10000,4,14.6047,6.76611
80000,10000,4,15.1392,9.91246
80000,10000,4,13.4455,6.82122
80000,10000,4,16.5676,6.47839
80000,10000,4,17.3488,6.57671
80000,10000,4,15.2965,7.35047
80000,10000,4,17.5802,7.43822
80000,10000,4,14.9432,7.23488
80000,10000,4,18.1069,6.71435
80000,10000,4,15.8453,6.65588
80000,10000,4,16.2443,8.09433
80000,10000,4,16.3922,7.27483
80000,10000,4,15.2102,7.76605
80000,10000,4,15.2021,6.42779
80000,10000,4,16.1248,7.56636
80000,10000,4,14.8636,7.4642
80000,10000,4,14.1865,7.25269
80000,10000,4,15.8415,6.66067
80000,10000,4,15.5205,6.81445
80000,10000,4,15.1386,7.0599
80000,10000,4,16.6395,7.28268
80000,10000,4,14.0033,7.00916
80000,10000,4,18.5739,6.6783
80000,10000,4,13.8949,6.99178
80000,10000,4,15.2165,7.65834
80000,10000,4,15.479,7.0313
80000,10000,4,15.6319,6.98417
80000,10000,4,15.1817,6.42782
80000,10000,4,15.152,8.06318
80000,10000,4,15.3986,7.34775
80000,10000,4,15.1819,7.3103
80000,10000,4,16.6059,6.87845
80000,10000,4,14.1497,7.00849
80000,10000,4,16.1203,7.07999
80000,10000,4,16.2944,7.84269
80000,10000,4,14.332,6.46996
80000,10000,4,16.4005,6.97905
80000,10000,4,17.7317,7.6826
80000,10000,4,16.549,7.63449
80000,10000,4,15.9272,7.81384
80000,10000,4,17.021,6.83332
80000,10000,4,15.9502,6.26474
80000,10000,4,16.3855,7.39586
80000,10000,4,16.0526,7.12095
80000,10000,4,15.7029,6.98051
80000,10000,4,17.4596,6.70515
80000,10000,4,15.9865,7.31237
80000,10000,4,16.6382,7.73875
80000,10000,4,15.654,6.68584
80000,10000,4,16.6286,6.77344
80000,10000,4,16.8408,6.21739
80000,10000,4,16.0921,7.07609
80000,10000,4,16.6184,6.90051
80000,10000,4,15.1767,7.19354
80000,10000,4,18.8568,6.92176
80000,10000,4,15.0804,6.23227
80000,10000,4,16.5016,7.41294
80000,10000,4,15.3144,7.25726
80000,10000,4,17.4228,7.09349
80000,10000,4,15.6355,9.80849
80000,10000,4,17.5446,7.68373
80000,10000,4,16.3508,8.36108
80000,10000,4,14.8361,6.80339
80000,10000,4,17.7461,8.30406
80000,10000,4,16.4483,7.41713
80000,10000,4,16.4766,7.37623
80000,10000,4,16.245,7.28465
80000,10000,4,15.2877,8.36809
80000,10000,4,17.6059,6.29262
80000,10000,4,15.3928,7.50756
80000,10000,4,16.8674,7.28633
80000,10000,4,16.0707,7.01865
80000,10000,4,17.6907,7.48007
80000,10000,4,16.409,6.68229
80000,10000,4,16.132,7.29506
80000,10000,4,16.4282,7.58392
80000,10000,4,15.8217,7.12127
80000,10000,4,17.6229,6.98719
80000,10000,4,14.9042,6.92776
80000,10000,4,17.2301,7.38206
80000,10000,4,16.4875,7.20552
80000,10000,4,15.8753,7.01253
80000,10000,4,16.9103,6.64025
80000,10000,4,16.5245,7.66873
80000,10000,4,15.5253,7.21687
80000,10000,4,15.6468,7.15141
80000,10000,4,17.9767,7.03176
80000,10000,4,15.7658,7.56954
80000,10000,4,16.2941,7.54221
80000,10000,4,16.1597,7.1525
80000,10000,4,14.9717,6.92163
80000,10000,4,17.6819,6.70634
80000,10000,4,15.9271,7.33686
80000,10000,4,15.6941,7.62611
80000,10000,4,16.4813,7.28329
80000,10000,4,17.4784,6.99325
80000,10000,4,15.4525,6.77172
80000,10000,4,17.2505,7.26769
80000,10000,4,15.842,7.07935
80000,10000,4,16.079,6.55724
80000,10000,4,17.6183,6.61099
80000,10000,4,16.8867,7.81669
80000,10000,4,15.8676,7.33921
80000,10000,4,15.3525,7.63578
80000,10000,4,17.6558,6.8253
80000,10000,4,16.1552,6.89919
80000,10000,4,16.1248,8.06008
80000,10000,4,16.9512,7.26433
80000,10000,4,15.1348,7.60742
128,16,1,17.296,0.2046
128,16,1,18.0939,0.141693
128,16,1,14.4253,0.149499
128,16,1,16.4314,0.340457
128,16,1,15.5708,0.142799
128,16,1,14.6864,0.493299
128,16,1,15.6277,0.364969
128,16,1,16.9673,0.408626
128,16,1,15.576,0.478534
128,16,1,18.5888,0.26494
128,16,1,23.3483,0.180636
128,16,1,6.53929,0.131754
128,16,1,14.9219,0.110638
128,16,1,15.9354,0.926442
128,16,1,15.9436,0.335458
128,16,1,17.8681,0.128835
128,16,1,12.777,0.704891
128,16,1,17.4947,0.547494
128,16,1,15.9009,0.387692
128,16,1,17.5997,0.534222
128,16,1,17.6581,0.499543
128,16,1,14.1837,0.250897
128,16,1,14.8192,0.238298
128,16,1,21.9648,0.231211
128,16,1,12.3264,0.280996
128,16,1,15.9096,0.193918
128,16,1,16.8163,0.241479
128,16,1,16.2695,0.354667
128,16,1,15.649,0.19692
128,16,1,17.3819,0.231174
128,16,1,15.9149,0.263533
128,16,1,12.5675,0.123442
128,16,1,14.7086,0.15562
128,16,1,14.3259,0.13228
128,16,1,15.2992,0.425403
128,16,1,16.0251,0.379482
128,16,1,15.573,0.223683
128,16,1,16.0057,0.294766
128,16,1,16.6368,0.409336
128,16,1,16.7343,0.821128
128,16,1,15.0716,0.45864
128,16,1,17.3662,0.217181
128,16,1,16.3372,0.379176
128,16,1,16.5632,0.483642
128,16,1,16.4145,0.356774
128,16,1,16.239,0.301714
128,16,1,16.8446,0.173953
128,16,1,16.6829,0.54793
128,16,1,15.3945,0.318728
128,16,1,15.8432,0.313982
128,16,1,17.1423,0.289748
128,16,1,15.5029,0.22706
128,16,1,15.8128,0.380125
128,16,1,14.8548,0.205207
128,16,1,16.0097,0.277853
128,16,1,16.8913,0.257998
128,16,1,16.0368,0.3136
128,16,1,15.5855,0.136694
128,16,1,15.8189,0.309442
128,16,1,16.4876,0.286424
128,16,1,16.1658,0.33415
128,16,1,16.4406,0.500638
128,16,1,16.3216,0.430986
128,16,1,16.0129,0.547612
128,16,1,17.3455,0.30232
128,16,1,16.3421,0.496678
128,16,1,16.9081,0.332296
128,16,1,14.3276,0.131414
128,16,1,16.8497,0.273465
128,16,1,15.8916,0.394118
128,16,1,15.7097,0.35117
128,16,1,15.9223,0.32411
128,16,1,16.2498,0.252784
128,16,1,16.9486,0.268658
128,16,1,15.6009,0.244175
128,16,1,16.0249,0.344955
128,16,1,15.4079,0.287784
128,16,1,15.5117,0.351276
128,16,1,16.8837,0.247761
128,16,1,15.296,0.152735
128,16,1,13.6121,0.104726
128,16,1,16.1293,0.393531
128,16,1,16.2631,0.363709
128,16,1,16.9601,0.522677
128,16,1,15.8727,0.153258
128,16,1,14.4823,0.120687
128,16,1,14.3801,0.179132
128,16,1,16.1573,0.120281
128,16,1,15.2845,0.380596
128,16,1,15.6062,0.401194
128,16,1,14.7866,0.336886
128,16,1,17.213,0.242455
128,16,1,15.0256,0.116345
128,16,1,17.0186,0.309403
128,16,1,14.4517,0.168839
128,16,1,16.3693,0.485802
128,16,1,16.2923,0.268629
128,16,1,16.354,0.310222
128,16,1,14.8686,0.113452
128,16,1,15.048,0.291335
128,16,1,16.3779,0.238012
128,16,1,16.3137,0.291559
128,16,1,15.9224,0.286087
128,16,1,15.6824,0.266209
128,16,1,14.9797,0.3955
128,16,1,17.8664,0.334278
128,16,1,14.9389,0.117852
128,16,1,15.5723,0.148357
128,16,1,15.4536,0.246053
128,16,1,14.6172,0.271922
128,16,1,8.2338,0.191814
128,16,1,15.8467,0.383164
128,16,1,18.3684,0.099596
128,16,1,10.9579,0.482806
128,16,1,19.0665,0.292853
128,16,1,13.0084,0.279951
128,16,1,16.7979,0.274547
128,16,1,18.6702,0.287031
128,16,1,14.5006,0.32979
128,16,1,17.1524,0.221778
128,16,1,17.5362,0.203774
128,16,1,16.7211,0.203794
128,16,1,13.1301,0.23008
128,16,1,17.292,0.28707
128,16,1,17.0683,0.284609
128,16,1,17.0608,0.488607
128,16,1,16.0925,0.284059
128,16,1,15.4784,0.275001
128,16,1,12.8247,0.111643
128,16,1,15.581,0.29407
128,16,1,16.3595,0.280734
128,16,1,14.5534,0.171465
128,16,1,16.1785,0.533189
128,16,1,17.0544,0.392871
128,16,1,15.4661,0.391425
128,16,1,16.0741,0.324358
128,16,1,14.8054,0.136695
128,16,1,15.2779,0.134701
128,16,1,16.639,0.417836
128,16,1,16.9389,0.475445
128,16,1,15.4491,0.617828
128,16,1,15.5456,0.342456
128,16,1,17.4726,0.245654
128,16,1,15.8927,0.711931
128,16,1,16.5008,0.408913
128,16,1,15.9488,0.686902
128,16,1,16.1134,0.284526
128,16,1,17.0703,0.307271
128,16,1,16.6813,0.324178
128,16,1,16.0643,0.395851
128,16,1,14.6877,0.164331
128,16,1,16.2273,0.423279
128,16,1,16.8662,1.00803
128,16,1,15.9928,0.368366
128,16,1,14.8947,0.279111
128,16,1,16.2398,0.463797
128,16,1,16.916,0.452308
128,16,1,15.7851,0.362948
128,16,1,14.8829,0.1205
128,16,1,14.9503,0.324854
128,16,1,17.6611,0.478498
128,16,1,15.1243,0.324771
128,16,1,16.5403,0.66884
128,16,1,16.3786,0.636722
128,16,1,16.3551,0.233062
128,16,1,16.9929,0.33526
128,16,1,16.0721,0.460808
128,16,1,16.7054,0.480502
128,16,1,16.246,0.660721
128,16,1,16.6976,0.236585
128,16,1,16.6376,0.426726
128,16,1,16.6676,0.422391
128,16,1,15.6314,0.40926
128,16,1,16.5168,0.213662
128,16,1,16.5312,0.218205
128,16,1,16.2851,0.297193
128,16,1,16.6116,0.208232
128,16,1,17.3463,0.203121
128,16,1,15.258,0.372579
128,16,1,17.3186,0.222582
128,16,1,16.3865,0.486013
128,16,1,16.5458,0.375043
128,16,1,15.9846,0.481421
128,16,1,16.8381,0.322883
128,16,1,15.9899,0.418976
2000000,250000,1,324.255,296.364
2000000,250000,1,297.735,295.241
2000000,250000,1,314.766,308.834
2000000,250000,1,316.866,307.817
2000000,250000,1,320.815,319.666
2000000,250000,1,295.556,294.264
2000000,250000,1,298.967,298.073
2000000,250000,1,290.679,289.567
2000000,250000,1,299.47,298.541
2000000,250000,1,292.926,291.983
2000000,250000,1,294.783,293.864
2000000,250000,1,289.859,289.481
2000000,250000,1,296.093,295.728
2000000,250000,1,293.879,292.948
2000000,250000,1,290.613,289.684
2000000,250000,1,290.269,289.484
2000000,250000,1,292.567,291.559
2000000,250000,1,294.787,293.828
2000000,250000,1,290.108,289.753
2000000,250000,1,293.153,292.813
2000000,250000,1,296.094,295.22
2000000,250000,1,292.664,291.761
2000000,250000,1,292.582,291.612
2000000,250000,1,304.917,303.988
2000000,250000,1,305.769,304.697
2000000,250000,1,302.112,301.327
2000000,250000,1,300.409,299.354
2000000,250000,1,295.447,294.692
2000000,250000,1,452.462,426.129
2000000,250000,1,371.715,370.507
2000000,250000,1,359.794,357.078
2000000,250000,1,636.674,635.293
2000000,250000,1,524.369,523.063
2000000,250000,1,370.998,358.616
2000000,250000,1,417.721,398.184
2000000,250000,1,334.095,313.076
2000000,250000,1,366.067,346.064
2000000,250000,1,331.292,317.409
2000000,250000,1,331.788,321.082
2000000,250000,1,299.869,296.704
2000000,250000,1,332.911,328.483
2000000,250000,1,318.954,302.49
2000000,250000,1,349.089,341.81
2000000,250000,1,315.303,307.103
2000000,250000,1,316.04,311.428
2000000,250000,1,418.269,402.374
2000000,250000,1,333.677,318.636
2000000,250000,1,322.907,306.386
2000000,250000,1,326.923,307.16
2000000,250000,1,333.281,320.849
2000000,250000,1,315.257,310.091
2000000,250000,1,349.336,338.015
2000000,250000,1,333.5,327.19
2000000,250000,1,369.026,349.521
2000000,250000,1,316.547,299.5
2000000,250000,1,315.829,302.314
2000000,250000,1,315.573,306.936
2000000,250000,1,348.697,332.91
2000000,250000,1,533.497,518.138
2000000,250000,1,501.929,481.811
2000000,250000,1,480.677,475.536
2000000,250000,1,500.575,483.945
2000000,250000,1,316.145,309.388
2000000,250000,1,334.279,325.561
2000000,250000,1,317.954,304.806
2000000,250000,1,314.923,300.403
2000000,250000,1,318.993,301.77
2000000,250000,1,313.272,309.453
2000000,250000,1,300.319,295.719
2000000,250000,1,316.091,309.333
2000000,250000,1,352.046,336.921
2000000,250000,1,333.211,317.677
2000000,250000,1,317.306,298.129
2000000,250000,1,315.593,303.496
2000000,250000,1,297.427,296.34
2000000,250000,1,302.099,292.803
2000000,250000,1,314.546,301.628
2000000,250000,1,300.221,296.529
2000000,250000,1,300.772,295.102
2000000,250000,1,319.045,303.309
2000000,250000,1,312.584,297.308
2000000,250000,1,299.774,295.748
2000000,250000,1,300.79,294.629
2000000,250000,1,316.259,299.32
2000000,250000,1,299.114,295.954
2000000,250000,1,300.74,294.671
2000000,250000,1,316.402,301.012
2000000,250000,1,298.687,295.661
2000000,250000,1,301.038,293.738
2000000,250000,1,317.063,305.119
2000000,250000,1,298.786,294.824
2000000,250000,1,316.991,312.888
2000000,250000,1,368.892,348.868
2000000,250000,1,314.261,307.081
2000000,250000,1,299.359,295.664
2000000,250000,1,316.843,300.531
2000000,250000,1,316.053,311.858
2000000,250000,1,319.69,303.173
2000000,250000,1,346.843,340.755
2000000,250000,1,316.228,314.164
2000000,250000,1,299.839,297.83
2000000,250000,1,320.084,300.224
2000000,250000,1,329.609,326.935
2000000,250000,1,318.288,302.472
2000000,250000,1,317.4,298.943
2000000,250000,1,314.754,309.292
2000000,250000,1,317.467,304.171
2000000,250000,1,381.758,370.228
2000000,250000,1,516.307,500.253
2000000,250000,1,453.41,435.136
2000000,250000,1,497.158,485.841
2000000,250000,1,382.672,373.946
2000000,250000,1,336.96,334.062
2000000,250000,1,361.681,360.584
2000000,250000,1,319.956,318.732
2000000,250000,1,325.486,324.321
2000000,250000,1,323.618,309.588
2000000,250000,1,305.815,305.059
2000000,250000,1,311.443,310.459
2000000,250000,1,306.503,299.557
2000000,250000,1,367.26,349.822
2000000,250000,1,313.277,305.112
2000000,250000,1,334.003,320.556
2000000,250000,1,314.641,303.01
2000000,250000,1,298.702,295.46
2000000,250000,1,316.835,303.933
2000000,250000,1,315.799,300.229
2000000,250000,1,352.716,347.176
2000000,250000,1,363.584,353.12
2000000,250000,1,318.671,302.8
2000000,250000,1,315.541,300.306
2000000,250000,1,334.865,316.483
2000000,250000,1,314.614,303.77
2000000,250000,1,317.677,301.325
2000000,250000,1,533.474,525.486
2000000,250000,1,481.66,477.202
2000000,250000,1,485.581,468.476
2000000,250000,1,481.379,474.761
2000000,250000,1,368.996,350.193
2000000,250000,1,314.089,307.257
2000000,250000,1,298.97,296.448
2000000,250000,1,301.26,293.37
2000000,250000,1,315.636,308.199
2000000,250000,1,299.316,297.145
2000000,250000,1,318.716,302.163
2000000,250000,1,315.28,303.567
2000000,250000,1,331.773,327.383
2000000,250000,1,335.892,320.436
2000000,250000,1,314.622,313.66
2000000,250000,1,313.466,312.149
2000000,250000,1,326.143,325.374
2000000,250000,1,310.322,299.545
2000000,250000,1,298.484,296.762
2000000,250000,1,335.491,322.068
2000000,250000,1,417.191,398.591
2000000,250000,1,329.524,328.715
2000000,250000,1,297.105,296.262
2000000,250000,1,294.463,293.678
2000000,250000,1,293.455,292.61
2000000,250000,1,292.801,291.97
2000000,250000,1,292.785,292.176
2000000,250000,1,297.256,296.422
2000000,250000,1,293.844,293.467
2000000,250000,1,298.183,297.844
2000000,250000,1,293.02,292.21
2000000,250000,1,294.282,293.425
2000000,250000,1,326.544,325.667
2000000,250000,1,298.015,297.122
2000000,250000,1,293.771,292.937
2000000,250000,1,295.253,294.869
2000000,250000,1,295.41,295.027
2000000,250000,1,295.98,295.13
2000000,250000,1,292.296,291.626
2000000,250000,1,294.916,294.115
2000000,250000,1,299.11,298.438
2000000,250000,1,291.474,290.723
2000000,250000,1,293.593,293.206
2000000,250000,1,299.942,299.121
2000000,250000,1,297.887,297.068
2000000,250000,1,305.051,304.192
2000000,250000,1,312.987,311.498
2000000,250000,1,312.576,311.771
2000000,250000,1,367.503,354.224
2000000,250000,1,334.171,322.178
2000000,250000,1,331.981,320.035
2000000,250000,1,464.256,457.831
2000000,250000,1,600.1,595.529
2000000,250000,1,381.72,380.426
2000000,250000,1,395.67,394.771
2000000,250000,1,337.206,336.078
2000000,250000,1,334.506,333.522
2000000,250000,1,314.409,313.429
2000000,250000,1,33.598,14.7122
2000000,250000,1,77.2241,62.9686
2000000,250000,1,82.712,65.5472
2000000,250000,1,69.259,63.6899
2000000,250000,1,70.8454,65.3517
2000000,250000,1,59.9343,54.1514
2000000,250000,1,59.6648,54.1379
2000000,250000,1,59.1345,53.349
2000000,250000,1,59.4356,53.5822
2000000,250000,1,59.5211,53.7239
2000000,250000,1,59.0994,53.7307
2000000,250000,1,59.7052,53.9693
2000000,250000,1,59.2882,53.7469
2000000,250000,1,59.6013,53.8836
2000000,250000,1,59.356,54.0641
2000000,250000,1,61.1329,55.5491
2000000,250000,1,59.4945,53.7599
2000000,250000,1,59.6903,54.1742
2000000,250000,1,58.6901,53.3337
2000000,250000,1,58.3616,52.8625
2000000,250000,1,59.9525,54.3207
2000000,250000,1,59.3877,53.8037
2000000,250000,1,59.0208,53.4167
2000000,250000,1,80.0987,54.5671
2000000,250000,1,15.4254,13.5959
2000000,250000,1,70.9107,63.0878
2000000,250000,1,69.1236,63.5656
2000000,250000,1,69.3732,63.9319
2000000,250000,1,76.1919,62.0377
2000000,250000,1,83.1604,60.063
2000000,250000,1,82.9878,70.6096
2000000,250000,1,83.7938,60.1323
2000000,250000,1,66.4118,58.1336
2000000,250000,1,65.5006,56.7984
2000000,250000,1,84.0739,61.3098
2000000,250000,1,186.44,73.4874
2000000,250000,1,41.9331,28.3333
2000000,250000,1,84.9674,74.3042
2000000,250000,1,66.7053,58.935
2000000,250000,1,66.3136,58.268
2000000,250000,1,66.3306,58.254
2000000,250000,1,66.4323,56.8483
2000000,250000,1,67.4422,58.6656
2000000,250000,1,84.9375,59.3401
2000000,250000,1,80.8801,62.2646
2000000,250000,1,83.4733,63.3045
2000000,250000,1,68.2551,53.774
2000000,250000,1,64.4139,53.2044
2000000,250000,1,86.6081,64.2354
2000000,250000,1,80.812,58.1214
2000000,250000,1,66.0494,56.0897
2000000,250000,1,66.0489,54.221
2000000,250000,1,100.941,82.4921
2000000,250000,1,85.0387,58.5698
2000000,250000,1,80.6111,62.7927
2000000,250000,1,67.3528,55.8731
2000000,250000,1,66.172,54.0661
2000000,250000,1,67.8636,52.6896
2000000,250000,1,65.7338,53.505
2000000,250000,1,67.0991,53.4291
2000000,250000,1,66.1587,53.8805
2000000,250000,1,65.6107,55.7771
2000000,250000,1,66.4664,54.7853
2000000,250000,1,67.1328,55.6119
2000000,250000,1,66.7329,55.6382
2000000,250000,1,65.7464,55.6903
2000000,250000,1,67.0895,56.5078
2000000,250000,1,65.2211,58.9989
2000000,250000,1,66.9441,57.4833
2000000,250000,1,67.2762,55.6606
2000000,250000,1,65.5969,57.8579
2000000,250000,1,67.392,56.5041
2000000,250000,1,67.8129,55.9711
2000000,250000,1,64.2153,55.4961
2000000,250000,1,68.5085,54.5975
2000000,250000,1,66.0314,52.7012
2000000,250000,1,66.3258,53.7513
2000000,250000,1,66.5052,53.1911
2000000,250000,1,66.5909,56.2083
2000000,250000,1,66.3427,55.1371
2000000,250000,1,67.6751,56.2566
2000000,250000,1,83.2489,58.3723
2000000,250000,1,65.8859,56.3575
2000000,250000,1,118.822,96.2963
2000000,250000,1,84.2437,58.4991
2000000,250000,1,82.9122,57.1806
2000000,250000,1,81.7788,56.0554
2000000,250000,1,81.6541,60.3206
2000000,250000,1,67.1509,56.1809
2000000,250000,1,66.0563,53.3406
2000000,250000,1,67.4604,52.2353
2000000,250000,1,76.0849,56.021
2000000,250000,1,18.6573,14.0232
2000000,250000,1,68.8124,56.6069
2000000,250000,1,66.7353,56.0726
2000000,250000,1,67.2262,53.1373
2000000,250000,1,66.5679,53.0676
2000000,250000,1,66.807,53.5886
2000000,250000,1,66.5081,52.8685
2000000,250000,1,65.813,54.273
2000000,250000,1,66.0718,56.8741
2000000,250000,1,84.177,62.4674
2000000,250000,1,64.8291,53.0409
2000000,250000,1,68.0376,53.9189
2000000,250000,1,85.0586,61.7518
2000000,250000,1,81.4182,59.3937
2000000,250000,1,65.1149,57.6122
2000000,250000,1,68.5418,56.2246
2000000,250000,1,82.9846,61.0605
2000000,250000,1,48.5633,39.6001
2000000,250000,1,67.4096,54.9882
2000000,250000,1,65.6788,54.8828
2000000,250000,1,67.6457,55.6718
2000000,250000,1,65.6226,54.3779
2000000,250000,1,86.6122,63.3449
2000000,250000,1,81.0847,63.697
2000000,250000,1,82.9481,64.111
2000000,250000,1,84.1021,62.2963
2000000,250000,1,84.5262,60.5766
2000000,250000,1,63.1164,55.8388
2000000,250000,1,66.7034,56.4805
2000000,250000,1,77.1636,57.3838
2000000,250000,1,73.4374,55.4809
2000000,250000,1,66.7711,54.8263
2000000,250000,1,65.9817,55.9337
2000000,250000,1,65.7472,54.7869
2000000,250000,1,65.8229,55.7468
2000000,250000,1,67.3691,54.5698
2000000,250000,1,66.3009,54.5088
2000000,250000,1,66.605,52.7833
2000000,250000,1,66.7151,54.901
2000000,250000,1,103.547,56.1372
2000000,250000,1,45.3806,28.3459
2000000,250000,1,66.6669,57.71
2000000,250000,1,66.9041,57.7039
2000000,250000,1,65.786,57.6065
2000000,250000,1,66.6051,55.2544
2000000,250000,1,68.1361,51.961
2000000,250000,1,66.2764,52.222
2000000,250000,1,64.7497,52.0996
2000000,250000,1,67.5944,52.385
2000000,250000,1,66.0939,52.0124
2000000,250000,1,66.7404,52.6353
2000000,250000,1,85.6502,59.6917
2000000,250000,1,101.472,80.952
2000000,250000,1,170.777,98.499
2000000,250000,1,73.3371,63.5544
2000000,250000,1,168.075,139.205
2000000,250000,1,132.415,85.2557
2000000,250000,1,26.1695,20.332
2000000,250000,1,137.219,109.32
2000000,250000,1,330.029,316.417
2000000,250000,1,150.791,70.9293
2000000,250000,1,83.7243,58.5592
2000000,250000,1,80.6439,59.1323
2000000,250000,1,251.985,222.064
2000000,250000,1,114.194,99.8416
2000000,250000,1,135.92,111.381
2000000,250000,1,82.7053,62.6162
2000000,250000,1,63.2331,55.9475
2000000,250000,1,67.2105,53.7035
2000000,250000,1,67.8082,54.1832
2000000,250000,1,66.0897,52.3461
2000000,250000,1,66.8773,53.5975
2000000,250000,1,76.1858,52.617
2000000,250000,1,76.139,52.5573
2000000,250000,1,82.6238,53.6729
2000000,250000,1,79.9771,69.2531
2000000,250000,1,65.5975,59.7414
2000000,250000,1,66.7763,60.2604
2000000,250000,1,86.4884,61.5107
2000000,250000,1,83.2258,62.5667
2000000,250000,1,63.8235,55.602
2000000,250000,1,86.3132,60.2152
2000000,250000,1,83.0043,60.9132
2000000,250000,1,63.7626,55.8056
2000000,250000,1,71.4,52.5816
2000000,250000,1,81.9703,58.4167
2000000,250000,1,62.7949,54.1734
2000000,250000,1,75.6861,53.3666
2000000,250000,1,43.7839,22.2299
2000000,250000,1,81.5325,66.7992
2000000,250000,1,64.9465,57.0206
2000000,250000,1,67.766,56.2656
2000000,250000,1,86.6883,60.6959
2000000,250000,1,61.8401,55.1663
2000000,250000,1,68.9785,53.3443
2000000,250000,1,81.7321,73.2394
2000000,250000,1,115.402,108.043
2000000,250000,1,67.0154,58.4721
2000000,250000,1,66.5855,57.7332
2000000,250000,1,86.1213,64.2535
2000000,250000,1,83.8753,59.5676
2000000,250000,1,79.7755,71.4843
2000000,250000,1,86.8003,65.3989
2000000,250000,1,62.4932,54.2207
2000000,250000,1,68.8942,53.1638
2000000,250000,1,85.4158,59.1837
2000000,250000,1,61.9246,54.0959
2000000,250000,1,68.4963,52.9962
2000000,250000,1,81.6174,73.3036
2000000,250000,1,85.1168,66.4392
2000000,250000,1,65.0228,57.1484
2000000,250000,1,66.9246,54.5995
2000000,250000,1,65.9598,57.3538
2000000,250000,1,68.6469,53.4518
2000000,250000,1,65.9015,54.3681
2000000,250000,1,98.6648,91.498
2000000,250000,1,67.2663,54.8327
2000000,250000,1,66.5427,54.2174
2000000,250000,1,66.9854,54.3236
2000000,250000,1,65.2206,58.0629
2000000,250000,1,68.8848,53.6976
2000000,250000,1,64.1393,53.0921
2000000,250000,1,84.1085,71.6673
2000000,250000,1,66.6407,54.8314
2000000,250000,1,67.251,52.7404
2000000,250000,1,66.2544,52.9438
2000000,250000,1,85.2012,66.2515
2000000,250000,1,62.871,57.0527
2000000,250000,1,69.6885,52.2256
2000000,250000,1,82.3513,67.4795
2000000,250000,1,64.7493,56.3707
2000000,250000,1,68.0612,52.5279
2000000,250000,1,66.3017,53.0358
2000000,250000,1,86.1531,59.9856
2000000,250000,1,62.3239,53.8149
2000000,250000,1,68.8668,52.9705
2000000,250000,1,84.1141,74.1006
2000000,250000,1,81.8169,61.2703
2000000,250000,1,64.3029,57.5709
2000000,250000,1,67.8393,55.0454
2000000,250000,1,66.5529,56.993
2000000,250000,1,67.2973,53.7009
2000000,250000,1,81.2713,53.8232
2000000,250000,1,66.7076,59.8068
2000000,250000,1,85.719,62.359
2000000,250000,1,84.7015,58.504
2000000,250000,1,82.4659,64.101
2000000,250000,1,64.355,54.7565
2000000,250000,1,67.4891,53.4448
2000000,250000,1,86.0392,59.5934
2000000,250000,1,92.8686,61.4116
2000000,250000,1,87.6786,68.3897
2000000,250000,1,83.8806,62.1964
2000000,250000,1,98.552,81.9045
2000000,250000,1,82.3434,66.5664
2000000,250000,1,106.718,75.5707
2000000,250000,1,77.5024,59.7901
2000000,250000,1,65.4822,56.4824
2000000,250000,1,65.6479,58.6843
2000000,250000,1,85.4472,64.9911
2000000,250000,1,64.5548,56.2831
2000000,250000,1,68.0949,59.6175
2000000,250000,1,83.3559,71.5628
2000000,250000,1,64.7537,56.8949
2000000,250000,1,68.4465,53.4389
2000000,250000,1,64.671,58.3931
2000000,250000,1,66.809,58.1332
2000000,250000,1,68.1813,54.2625
2000000,250000,1,77.8512,57.3448
2000000,250000,1,18.708,15.0566
2000000,250000,1,87.2111,65.9846
2000000,250000,1,84.7142,59.1162
2000000,250000,1,61.6472,55.2592
2000000,250000,1,66.712,59.9175
2000000,250000,1,67.7229,55.8245
2000000,250000,1,65.5792,54.6183
2000000,250000,1,102.728,81.1692
2000000,250000,1,63.841,55.354
2000000,250000,1,68.131,53.904
2000000,250000,1,89.9604,54.4429
2000000,250000,1,78.2073,55.5155
2000000,250000,1,62.6328,54.2571
2000000,250000,1,68.2144,53.1695
2000000,250000,1,82.1596,72.4531
2000000,250000,1,68.348,55.2974
2000000,250000,1,65.094,57.5306
2000000,250000,1,85.1721,66.21
2000000,250000,1,64.1096,56.9517
2000000,250000,1,66.3266,56.4737
2000000,250000,1,91.7244,70.4815
2000000,250000,1,74.7666,67.9655
2000000,250000,1,87.5115,61.6621
2000000,250000,1,62.4694,55.7028
2000000,250000,1,68.2274,57.1944
2000000,250000,1,83.0639,64.7074
2000000,250000,1,107.484,78.5974
2000000,250000,1,92.0105,68.273
2000000,250000,1,83.3024,64.7057
2000000,250000,1,83.0446,65.1074
2000000,250000,1,82.4503,74.8151
2000000,250000,1,85.1195,64.207
2000000,250000,1,73.8034,65.9924
2000000,250000,1,73.4969,67.5807
2000000,250000,1,97.9076,92.1643
2000000,250000,1,75.0396,68.6499
2000000,250000,1,81.1634,75.287
2000000,250000,1,64.7042,59.0477
2000000,250000,1,65.6913,59.6088
2000000,250000,1,65.146,59.0891
2000000,250000,1,64.5051,58.7146
2000000,250000,1,64.1125,58.3178
2000000,250000,1,65.7573,59.0074
2000000,250000,1,65.5363,58.8939
2000000,250000,1,64.9989,58.3911
2000000,250000,1,64.4233,58.1304
2000000,250000,1,15.383,14.4373
128,16,1,9.53123,0.203172
128,16,1,15.5471,0.102684
128,16,1,13.2525,0.090419
128,16,1,16.2596,0.37533
128,16,1,16.7337,0.403965
128,16,1,15.8389,0.484923
128,16,1,16.7872,0.362734
128,16,1,16.817,0.261366
128,16,1,10.2942,0.337852
128,16,1,15.8967,0.394995
128,16,1,16.4425,0.245674
128,16,1,15.155,0.268125
128,16,1,17.584,0.221338
128,16,1,15.7995,0.328499
128,16,1,17.3267,0.216598
128,16,1,15.2802,0.289811
128,16,1,17.6852,0.270882
128,16,1,15.3005,0.226275
128,16,1,17.7784,0.241544
128,16,1,12.8263,0.096205
128,16,1,14.3089,0.115288
128,16,1,16.1944,0.308443
128,16,1,16.1213,0.385709
128,16,1,16.8216,0.358568
128,16,1,15.9493,0.216969
128,16,1,16.7502,0.240488
128,16,1,16.5409,0.381467
128,16,1,16.4648,0.326414
128,16,1,16.2085,0.22449
128,16,1,16.0978,0.155548
128,16,1,16.7611,0.276475
128,16,1,15.8275,0.357322
128,16,1,16.3804,0.24566
128,16,1,16.7904,0.294128
128,16,1,16.6416,0.239585
128,16,1,16.1655,0.237469
128,16,1,16.4841,0.208482
128,16,1,5.23927,0.234762
128,16,1,16.5104,0.246783
128,16,1,16.4425,0.187843
128,16,1,16.4944,0.224001
128,16,1,16.5787,0.198517
128,16,1,16.3723,0.253147
128,16,1,16.6187,0.226194
128,16,1,16.6635,0.22943
128,16,1,16.3294,0.252919
128,16,1,16.5209,0.190158
128,16,1,16.5436,0.267603
128,16,1,16.5627,0.242732
128,16,1,16.6379,0.182945
128,16,1,16.4119,0.356678
128,16,1,16.3643,0.273169
128,16,1,16.4261,0.243083
128,16,1,16.576,0.220947
128,16,1,16.5166,0.169427
128,16,1,16.442,0.238111
128,16,1,16.5123,0.194453
128,16,1,16.4732,0.259632
128,16,1,16.5743,0.196405
128,16,1,16.7489,0.226828
128,16,1,16.9252,0.369618
128,16,1,15.8871,0.301971
128,16,1,16.8247,0.347432
128,16,1,15.49,0.228662
128,16,1,15.8038,0.217563
128,16,1,15.3793,0.251672
128,16,1,16.18,0.322625
128,16,1,15.6302,0.220888
128,16,1,15.5095,0.308883
128,16,1,16.1149,0.320195
128,16,1,14.9044,0.069197
128,16,1,15.8089,0.341112
128,16,1,16.9923,0.240314
128,16,1,15.949,0.320379
128,16,1,16.512,0.295246
128,16,1,16.6929,0.411531
128,16,1,16.3256,0.32267
128,16,1,16.4944,0.332581
128,16,1,16.9004,0.231968
128,16,1,16.4806,0.313828
128,16,1,16.0705,0.349365
128,16,1,16.8896,0.198823
128,16,1,15.3259,0.105566
128,16,1,15.2525,0.090033
128,16,1,15.9865,0.270142
128,16,1,14.9742,0.071465
128,16,1,15.9764,0.250581
128,16,1,16.7441,0.341685
128,16,1,15.0486,0.083791
128,16,1,15.6656,0.306365
128,16,1,16.6453,0.242436
128,16,1,15.7546,0.242404
128,16,1,15.3148,0.256319
128,16,1,15.9703,0.36071
128,16,1,16.5729,0.334367
128,16,1,15.9039,0.267433
128,16,1,15.8656,0.223119
128,16,1,15.5044,0.22252
128,16,1,15.1137,0.087205
128,16,1,15.5348,0.095649
128,16,1,15.9192,0.091412
128,16,1,15.8263,0.083061
128,16,1,15.2255,0.108551
128,16,1,16.0538,0.372197
128,16,1,15.8913,0.138172
128,16,1,15.4481,0.157014
128,16,1,15.4677,0.342105
128,16,1,16.2563,0.180657
128,16,1,15.4949,0.238191
128,16,1,14.5483,0.092958
128,16,1,15.5443,0.239522
128,16,1,16.0804,0.253694
128,16,1,14.6438,0.111564
128,16,1,15.8801,0.126934
128,16,1,16.3897,0.264055
128,16,1,15.8895,0.308368
128,16,1,16.1153,0.229732
128,16,1,15.4063,0.230222
128,16,1,16.7946,0.255404
128,16,1,15.9184,0.235613
128,16,1,16.5134,0.250667
128,16,1,15.129,0.107722
128,16,1,15.8356,0.175235
128,16,1,15.284,0.132448
128,16,1,16.1625,0.283213
128,16,1,15.98,0.429525
128,16,1,16.434,0.475348
128,16,1,16.6295,0.425408
128,16,1,16.1417,0.365075
128,16,1,16.1629,0.433687
128,16,1,17.0948,0.401243
128,16,1,15.3228,0.097276
128,16,1,15.1276,0.082018
128,16,1,15.9842,0.355233
128,16,1,15.817,0.22673
128,16,1,15.9728,0.215019
128,16,1,15.2786,0.301702
128,16,1,16.6936,0.218425
128,16,1,16.1568,0.259994
128,16,1,16.2247,0.359252
128,16,1,16.374,0.366482
128,16,1,16.3861,0.393038
128,16,1,16.3284,0.371607
128,16,1,16.4198,0.255853
128,16,1,16.1502,0.365133
128,16,1,16.8565,0.307465
128,16,1,15.0754,0.386848
128,16,1,17.5875,0.173588
128,16,1,16.5168,0.398093
128,16,1,16.1566,0.35443
128,16,1,16.2286,0.338445
128,16,1,16.3583,0.469057
128,16,1,16.5549,0.3339
128,16,1,16.5043,0.451042
128,16,1,16.1207,0.351002
128,16,1,16.2339,0.248507
128,16,1,16.5911,0.420808
128,16,1,16.3555,0.413537
128,16,1,16.9871,0.289482
128,16,1,14.8856,0.135212
128,16,1,16.4938,0.213268
128,16,1,16.3472,0.213437
128,16,1,16.4983,0.35623
128,16,1,16.5204,0.5511
128,16,1,16.5893,0.391323
128,16,1,15.9544,0.397188
128,16,1,16.4151,0.162657
128,16,1,16.5695,0.1729
128,16,1,16.4535,0.206807
128,16,1,16.7,0.185072
128,16,1,16.3404,0.296248
128,16,1,16.503,0.241642
128,16,1,16.3883,0.257649
128,16,1,16.6067,0.196615
128,16,1,16.3948,0.376299
128,16,1,16.4029,0.240904
128,16,1,16.4418,0.187841
128,16,1,16.5989,0.171703
128,16,1,16.4404,0.169172
128,16,1,16.7731,0.178539
128,16,1,16.9076,0.161549
128,16,1,16.5987,0.386007
128,16,1,16.2549,0.341768
128,16,1,16.6404,0.178317
128,16,1,16.3728,0.431482
128,16,1,17.0799,0.376407
128,16,1,15.6882,0.237973
128,16,1,16.6143,0.243385
128,16,1,16.335,0.34456
128,16,1,16.4587,0.524388
128,16,1,16.9945,0.469234
128,16,1,15.3054,0.305878
128,16,1,17.4043,0.256686
128,16,1,15.4502,0.427585
128,16,1,16.8621,0.189915
128,16,1,16.7708,0.168616
128,16,1,16.4612,0.362366
128,16,1,16.5094,0.38509
128,16,1,16.2986,0.39589
128,16,1,16.481,0.343985
128,16,1,16.4339,0.477235
128,16,1,16.498,0.37195
128,16,1,16.3889,0.25323
128,16,1,16.4814,0.398904
128,16,1,16.4609,0.211057
128,16,1,16.6122,0.382083
128,16,1,16.1492,0.318873
128,16,1,16.4992,0.34307
128,16,1,16.4668,0.495472
128,16,1,16.5081,0.44959
128,16,1,16.4664,0.30038
128,16,1,16.5789,0.483795
128,16,1,16.3492,0.384908
128,16,1,16.4973,0.377908
128,16,1,16.4621,0.607212
128,16,1,16.5528,0.341472
128,16,1,16.3326,0.43135
128,16,1,16.5189,0.346648
128,16,1,16.4386,0.494035
128,16,1,16.522,0.239351
128,16,1,16.8682,0.396878
128,16,1,15.844,0.354473
128,16,1,16.6769,0.28936
128,16,1,16.2144,0.487237
128,16,1,16.2493,0.284624
128,16,1,16.4918,0.48764
128,16,1,16.4483,0.502142
128,16,1,16.424,0.41557
128,16,1,16.5234,0.36593
128,16,1,16.5174,0.326305
128,16,1,16.4176,0.404153
128,16,1,16.6022,0.375785
128,16,1,16.3914,0.242373
128,16,1,16.4676,0.408493
128,16,1,16.5218,0.320541
128,16,1,16.5483,0.29227
128,16,1,16.3377,0.341658
128,16,1,16.4005,0.410283
128,16,1,16.3886,0.3498
128,16,1,17.0741,0.271675
128,16,1,15.8404,0.287862
128,16,1,16.3384,0.36991
128,16,1,16.448,0.289093
128,16,1,16.5021,0.36134
128,16,1,16.5233,0.232695
128,16,1,16.2132,0.394797
128,16,1,16.5819,0.363242
128,16,1,16.3416,0.311207
128,16,1,16.5518,0.460563
128,16,1,16.3013,0.364252
128,16,1,16.1898,0.342115
128,16,1,16.658,0.486215
128,16,1,16.2653,0.406767
128,16,1,16.5325,0.430548
128,16,1,16.5076,0.407657
128,16,1,16.4099,0.238418
128,16,1,16.3284,0.354928
128,16,1,16.4725,0.499858
128,16,1,16.7496,0.540027
128,16,1,16.101,0.416528
128,16,1,16.4863,0.320358
128,16,1,16.3878,0.404053
128,16,1,16.4919,0.506253
128,16,1,16.4893,0.418215
128,16,1,16.5407,0.245858
128,16,1,16.4678,0.278448
128,16,1,16.3907,0.221107
128,16,1,16.4129,0.37864
128,16,1,16.4359,0.49647
128,16,1,16.5314,0.453023
128,16,1,16.6494,0.33953
128,16,1,16.3587,0.363352
128,16,1,16.4475,0.417742
128,16,1,16.4019,0.335886
128,16,1,16.509,0.219745
128,16,1,16.1069,0.34834
128,16,1,16.7031,0.369968
128,16,1,15.8982,0.31477
128,16,1,16.186,0.586624
128,16,1,16.7955,0.363313
128,16,1,16.2151,0.393563
128,16,1,16.046,0.342653
128,16,1,17.0416,0.227097
128,16,1,15.8404,0.121345
128,16,1,15.8505,0.328595
128,16,1,15.5595,0.133725
128,16,1,15.6175,0.312523
128,16,1,15.4696,0.243942
128,16,1,16.1105,0.296835
128,16,1,14.5951,0.131202
128,16,1,15.6682,0.356142
128,16,1,16.0523,0.1894
128,16,1,16.5354,0.192432
128,16,1,16.0724,0.264555
128,16,1,16.5854,0.483278
128,16,1,15.845,0.30394
128,16,1,16.7275,0.314208
128,16,1,16.0293,0.385988
128,16,1,16.3532,0.230904
128,16,1,16.9016,0.367148
128,16,1,16.0455,0.3581
128,16,1,15.8866,0.410044
128,16,1,16.2916,0.371224
128,16,1,16.4235,0.396116
128,16,1,16.3361,0.380476
128,16,1,15.9601,0.48872
128,16,1,16.5885,0.23433
128,16,1,16.3874,0.22699
128,16,1,16.3278,0.459614
128,16,1,16.7265,0.529354
128,16,1,16.2141,0.249732
128,16,1,16.1028,0.37909
128,16,1,16.9525,0.199192
128,16,1,15.6926,0.216237
128,16,1,16.8725,0.188578
128,16,1,16.3938,0.371036
128,16,1,16.3419,0.250958
128,16,1,17.0431,0.285616
128,16,1,16.3426,0.261752
128,16,1,16.4135,0.198981
128,16,1,16.3726,0.352328
128,16,1,16.3498,0.419102
128,16,1,16.6093,0.542602
128,16,1,16.6825,0.447576
128,16,1,16.7867,0.317672
128,16,1,15.7588,0.209067
128,16,1,16.4654,0.456412
128,16,1,16.6576,0.41645
128,16,1,16.3323,0.247178
128,16,1,16.5157,0.345006
128,16,1,16.2553,0.233236
128,16,1,16.1563,0.458594
128,16,1,16.2179,0.425502
128,16,1,15.9536,0.331756
128,16,1,16.5439,0.273674
128,16,1,15.9795,0.324798
128,16,1,1.03388,0.091622
128,16,1,19.0342,0.037973
128,16,1,5.61994,0.014546
128,16,1,16.6773,0.040485
128,16,1,16.5827,0.056068
128,16,1,16.5249,0.063361
128,16,1,31.9808,0.05318
128,16,1,5.67786,0.016484
128,16,1,16.8339,0.062085
128,16,1,15.7802,0.071587
128,16,1,17.0056,0.067362
128,16,1,14.7667,0.041603
128,16,1,18.4766,0.072312
128,16,1,13.9507,0.032564
128,16,1,16.3406,0.158934
128,16,1,16.8742,0.039895
128,16,1,15.5726,0.077537
128,16,1,12.4966,0.012452
128,16,1,15.812,0.053096
128,16,1,15.7182,0.041854
128,16,1,16.5566,0.02119
128,16,1,16.8788,0.019432
128,16,1,16.358,0.036639
128,16,1,16.1195,0.057622
128,16,1,16.493,0.054013
128,16,1,16.469,0.05588
128,16,1,16.3019,0.087552
128,16,1,16.6139,0.03595
128,16,1,16.7114,0.030438
128,16,1,16.8363,0.059758
128,16,1,15.95,0.054564
128,16,1,15.7966,0.039797
128,16,1,16.2741,0.05077
128,16,1,15.1805,0.021263
128,16,1,15.4836,0.022772
128,16,1,16.5962,0.067308
128,16,1,14.8427,0.024748
128,16,1,15.7914,0.021541
128,16,1,16.0199,0.04733
128,16,1,15.796,0.016229
128,16,1,14.5729,0.02253
128,16,1,15.9492,0.058058
128,16,1,16.8851,0.019104
128,16,1,15.9777,0.049931
128,16,1,16.6099,0.018965
128,16,1,16.6122,0.056583
128,16,1,16.5699,0.039727
128,16,1,16.3486,0.037002
128,16,1,16.498,0.021297
128,16,1,15.6915,0.079725
128,16,1,16.2372,0.04548
128,16,1,15.4814,0.049157
128,16,1,16.0427,0.033476
128,16,1,16.3529,0.046329
128,16,1,14.7768,0.025401
128,16,1,15.649,0.065013
128,16,1,15.5197,0.026103
128,16,1,14.1043,0.015638
128,16,1,15.6048,0.066302
128,16,1,15.3124,0.023403
128,16,1,15.5127,0.018043
128,16,1,15.3461,0.018061
128,16,1,15.4213,0.022236
128,16,1,15.4437,0.018298
128,16,1,32.3373,0.02282
128,16,1,15.0571,0.016582
128,16,1,15.4931,0.023599
128,16,1,14.9957,0.02182
128,16,1,16.286,0.058611
128,16,1,15.2635,0.02064
128,16,1,15.3179,0.019027
128,16,1,15.3942,0.014363
128,16,1,15.451,0.069509
128,16,1,16.288,0.037985
128,16,1,15.9518,0.179426
128,16,1,15.5929,0.047169
128,16,1,1.15738,0.017394
128,16,1,23.7403,0.062742
128,16,1,15.5544,0.015626
128,16,1,16.3401,0.015723
128,16,1,10.5885,0.067285
128,16,1,16.2642,0.067795
128,16,1,18.2903,0.145045
128,16,1,14.2608,0.056327
128,16,1,21.4772,0.048556
128,16,1,13.2506,0.047774
128,16,1,16.1912,0.041755
128,16,1,15.1447,0.059436
128,16,1,17.2357,0.035811
128,16,1,16.0102,0.146912
128,16,1,17.2021,0.039801
128,16,1,15.3118,0.084808
128,16,1,16.7,0.044964
128,16,1,16.4502,0.055363
128,16,1,16.6953,0.064154
128,16,1,13.9072,0.015358
128,16,1,13.6269,0.019675
128,16,1,13.6179,0.018063
128,16,1,17.5626,0.03606
128,16,1,16.4091,0.051185
128,16,1,15.9892,0.05
128,16,1,16.4852,0.047176
128,16,1,16.2231,0.052322
128,16,1,16.1648,0.052768
128,16,1,15.9806,0.04946
128,16,1,16.3985,0.052454
128,16,1,16.0972,0.06024
128,16,1,15.9395,0.069132
128,16,1,16.5596,0.218891
128,16,1,15.7803,0.043543
128,16,1,16.131,0.055576
128,16,1,15.6571,0.047794
128,16,1,15.7855,0.052702
128,16,1,15.9399,0.041317
128,16,1,15.6953,0.050221
128,16,1,15.6955,0.048669
128,16,1,15.7338,0.051353
128,16,1,14.6887,0.039235
128,16,1,14.4902,0.014893
128,16,1,15.2862,0.035072
128,16,1,16.5829,0.063403
128,16,1,16.4165,0.050767
128,16,1,16.1249,0.05014
128,16,1,16.5179,0.05367
128,16,1,16.7427,0.075387
128,16,1,15.8201,0.049815
128,16,1,15.7651,0.050943
128,16,1,16.2374,0.076035
128,16,1,16.4836,0.033957
128,16,1,16.5875,0.045873
128,16,1,16.5745,0.038901
128,16,1,16.4551,0.033901
128,16,1,16.5004,0.035984
128,16,1,16.4925,0.029318
128,16,1,16.7535,0.031326
128,16,1,16.1577,0.03743
128,16,1,16.2991,0.036676
128,16,1,16.8377,0.03741
128,16,1,16.4895,0.061899
128,16,1,16.2315,0.045619
128,16,1,16.3976,0.054729
128,16,1,17.2878,0.043595
128,16,1,14.8407,0.040726
128,16,1,15.5344,0.098424
128,16,1,16.5468,0.077579
128,16,1,15.8324,0.018408
128,16,1,15.6298,0.02645
128,16,1,15.5915,0.0247
128,16,1,15.5058,0.018889
128,16,1,15.8851,0.018402
128,16,1,15.2551,0.052177
128,16,1,15.4425,0.043254
128,16,1,15.1691,0.025926
128,16,1,15.7267,0.042184
128,16,1,15.7637,0.056257
128,16,1,16.121,0.036665
128,16,1,15.9367,0.080562
128,16,1,16.1853,0.049224
128,16,1,15.7019,0.09582
128,16,1,16.9355,0.024317
128,16,1,16.2168,0.04172
128,16,1,1.16663,0.017931
2000000,250000,4,35.9966,12.6902
2000000,250000,4,80.9066,58.4941
2000000,250000,4,82.4668,60.648
2000000,250000,4,69.3056,61.6538
2000000,250000,4,65.9181,61.2092
2000000,250000,4,57.3795,53.0848
2000000,250000,4,57.5152,53.0258
2000000,250000,4,56.693,52.436
2000000,250000,4,56.58,52.2048
2000000,250000,4,57.1746,52.8432
2000000,250000,4,57.6742,52.8254
2000000,250000,4,56.9113,52.669
2000000,250000,4,57.1188,52.8207
2000000,250000,4,56.4331,52.0957
2000000,250000,4,57.3738,52.6462
2000000,250000,4,58.5122,54.0345
2000000,250000,4,58.3086,53.7021
2000000,250000,4,58.3377,53.1763
2000000,250000,4,58.0045,53.3876
2000000,250000,4,58.3071,54.1203
2000000,250000,4,57.7046,53.3257
2000000,250000,4,56.1913,51.9349
2000000,250000,4,57.2467,52.8963
2000000,250000,4,57.4025,53.1052
2000000,250000,4,56.5557,52.1566
2000000,250000,4,57.4519,53.112
2000000,250000,4,56.7214,52.3731
2000000,250000,4,56.969,52.7063
2000000,250000,4,57.2607,52.9084
2000000,250000,4,56.4605,52.2795
2000000,250000,4,57.2801,52.8628
2000000,250000,4,56.6571,52.3298
2000000,250000,4,57.146,52.7389
2000000,250000,4,56.2155,51.933
2000000,250000,4,57.1948,52.8228
2000000,250000,4,56.6709,52.4503
2000000,250000,4,57.1374,52.7755
2000000,250000,4,57.2023,52.8426
2000000,250000,4,56.8691,52.4171
2000000,250000,4,57.2107,52.9434
2000000,250000,4,57.7203,53.3885
2000000,250000,4,56.8892,52.5221
2000000,250000,4,57.6486,53.3732
2000000,250000,4,56.3232,52.0435
2000000,250000,4,56.7463,52.4642
2000000,250000,4,56.8152,52.5491
2000000,250000,4,56.7121,52.4189
2000000,250000,4,57.3208,53.1148
2000000,250000,4,56.2502,51.8487
2000000,250000,4,57.4757,53.1864
2000000,250000,4,56.4856,52.1674
2000000,250000,4,56.7547,52.4223
2000000,250000,4,57.8134,53.2719
2000000,250000,4,56.8252,52.5668
2000000,250000,4,57.2359,52.9058
2000000,250000,4,57.3367,52.7795
2000000,250000,4,56.7899,52.2187
2000000,250000,4,56.5673,52.3458
2000000,250000,4,56.4304,52.1856
2000000,250000,4,57.4975,53.2105
2000000,250000,4,56.4829,52.1524
2000000,250000,4,56.8785,52.4539
2000000,250000,4,57.9028,53.4379
2000000,250000,4,56.1428,51.9541
2000000,250000,4,56.7712,52.5046
2000000,250000,4,56.5779,52.4381
2000000,250000,4,57.3869,53.0456
2000000,250000,4,56.5303,52.1999
2000000,250000,4,56.4969,52.1773
2000000,250000,4,56.655,52.3153
2000000,250000,4,57.5774,53.0608
2000000,250000,4,56.7177,52.4167
2000000,250000,4,56.5545,51.8578
2000000,250000,4,56.9754,52.6232
2000000,250000,4,57.4914,53.0619
2000000,250000,4,57.1252,52.864
2000000,250000,4,56.909,52.5307
2000000,250000,4,58.0804,53.7421
2000000,250000,4,56.9944,52.6518
2000000,250000,4,56.9088,52.6314
2000000,250000,4,57.5756,53.2615
2000000,250000,4,56.8703,52.3451
2000000,250000,4,57.2022,52.828
2000000,250000,4,56.5788,52.3147
2000000,250000,4,57.5588,53.1719
2000000,250000,4,56.9178,52.623
2000000,250000,4,56.3093,52.0484
2000000,250000,4,57.0342,52.7226
2000000,250000,4,57.1135,52.7039
2000000,250000,4,57.297,53.0834
2000000,250000,4,57.0083,52.7094
2000000,250000,4,59.0397,54.4405
2000000,250000,4,58.7304,54.437
2000000,250000,4,56.5099,52.1999
2000000,250000,4,57.0873,52.7389
2000000,250000,4,59.1228,54.0971
2000000,250000,4,58.203,53.8309
2000000,250000,4,57.5473,53.2056
2000000,250000,4,59.418,54.7886
2000000,250000,4,59.4998,55.158
2000000,250000,4,59.9873,55.0622
2000000,250000,4,59.1538,54.3118
2000000,250000,4,59.5097,55.1893
2000000,250000,4,60.2379,55.4306
2000000,250000,4,58.5733,54.0482
2000000,250000,4,57.4318,53.0439
2000000,250000,4,56.8988,52.636
2000000,250000,4,57.2068,52.8377
2000000,250000,4,57.2051,52.8528
2000000,250000,4,57.3667,53.143
2000000,250000,4,56.9218,52.5066
2000000,250000,4,58.4701,54.043
2000000,250000,4,57.2431,52.9278
2000000,250000,4,56.7719,52.4641
2000000,250000,4,57.1134,52.8394
2000000,250000,4,56.4884,52.2051
2000000,250000,4,58.0382,53.5721
2000000,250000,4,56.7511,52.3301
2000000,250000,4,56.6642,52.3389
2000000,250000,4,57.2639,52.9068
2000000,250000,4,58.4761,53.4604
2000000,250000,4,59.3777,54.9754
2000000,250000,4,59.7563,55.1939
2000000,250000,4,59.284,54.6634
2000000,250000,4,57.6522,53.2159
2000000,250000,4,56.7654,52.1951
2000000,250000,4,58.2813,53.5756
2000000,250000,4,58.6379,54.1428
2000000,250000,4,57.5031,53.2122
2000000,250000,4,57.3229,52.8754
2000000,250000,4,56.7197,52.3698
2000000,250000,4,57.2728,52.7373
2000000,250000,4,58.2393,53.955
2000000,250000,4,58.0719,53.6474
2000000,250000,4,57.1661,52.8014
2000000,250000,4,57.2911,52.9282
2000000,250000,4,57.2136,52.964
2000000,250000,4,56.7526,52.519
2000000,250000,4,58.0152,53.5042
2000000,250000,4,57.7166,53.3319
2000000,250000,4,57.6024,53.2259
2000000,250000,4,57.5201,53.1498
2000000,250000,4,57.5511,53.185
2000000,250000,4,56.9547,52.6127
2000000,250000,4,56.8922,52.4993
2000000,250000,4,59.7931,54.8908
2000000,250000,4,59.0295,54.3379
2000000,250000,4,59.5991,54.8218
2000000,250000,4,59.0323,54.6045
2000000,250000,4,57.2943,52.9513
2000000,250000,4,56.9752,52.5313
2000000,250000,4,57.2876,52.946
2000000,250000,4,59.4007,54.4377
2000000,250000,4,59.548,54.7669
2000000,250000,4,59.3999,54.7149
2000000,250000,4,62.8244,58.1527
2000000,250000,4,58.2106,53.7838
2000000,250000,4,56.8194,52.5105
2000000,250000,4,57.9057,53.3076
2000000,250000,4,59.908,55.2226
2000000,250000,4,60.2538,55.3251
2000000,250000,4,59.7078,55.2996
2000000,250000,4,58.6985,54.2652
2000000,250000,4,58.1061,53.7457
2000000,250000,4,57.6245,53.2666
2000000,250000,4,58.8817,54.2035
2000000,250000,4,57.3788,53.0293
2000000,250000,4,57.6425,53.2044
2000000,250000,4,56.9236,52.4852
2000000,250000,4,58.1133,53.6552
2000000,250000,4,57.1874,52.8043
2000000,250000,4,57.0618,52.7859
2000000,250000,4,57.2083,52.8532
2000000,250000,4,57.6027,53.1142
2000000,250000,4,57.2178,52.8599
2000000,250000,4,56.8785,52.5983
2000000,250000,4,57.8572,53.331
2000000,250000,4,57.1588,52.7745
2000000,250000,4,58.5784,54.0834
2000000,250000,4,56.6738,52.3179
2000000,250000,4,57.7483,53.2556
2000000,250000,4,57.0211,52.4851
2000000,250000,4,58.6308,54.1831
2000000,250000,4,57.3833,53.0368
2000000,250000,4,57.6099,53.0561
2000000,250000,4,56.9474,52.5341
2000000,250000,4,56.6935,52.261
2000000,250000,4,57.6747,53.2297
2000000,250000,4,57.7353,53.2527
2000000,250000,4,57.4827,53.0475
2000000,250000,4,57.3087,52.8526
2000000,250000,4,56.7798,52.3433
2000000,250000,4,58.1516,53.386
2000000,250000,4,58.3894,53.7322
2000000,250000,4,58.0749,53.4473
2000000,250000,4,58.5851,53.7103
2000000,250000,4,57.9406,53.69
2000000,250000,4,56.8719,52.5344
2000000,250000,4,57.4,53.0031
2000000,250000,4,56.9012,52.4004
2000000,250000,4,57.1934,52.7287
2000000,250000,4,57.3384,52.8847
2000000,250000,4,57.1145,52.6986
2000000,250000,4,57.0481,52.6126
2000000,250000,4,56.5981,52.1509
2000000,250000,4,57.0784,52.6409
2000000,250000,4,56.8604,52.2217
2000000,250000,4,57.6952,53.2304
2000000,250000,4,57.7191,53.3971
2000000,250000,4,56.5887,52.2364
2000000,250000,4,56.7425,52.381
2000000,250000,4,57.231,52.8304
2000000,250000,4,57.8127,53.4216
2000000,250000,4,56.8781,52.5398
2000000,250000,4,57.5132,53.0142
2000000,250000,4,57.0941,52.7506
2000000,250000,4,57.4902,53.1412
2000000,250000,4,57.3598,52.9055
2000000,250000,4,57.7905,53.1355
2000000,250000,4,58.4027,53.5125
2000000,250000,4,58.9676,54.4958
2000000,250000,4,58.587,52.7901
2000000,250000,4,58.5007,54.1854
2000000,250000,4,57.3635,52.9827
2000000,250000,4,58.1371,53.5314
2000000,250000,4,58.6018,53.9564
2000000,250000,4,58.439,54.0116
2000000,250000,4,58.246,53.6111
2000000,250000,4,57.8573,53.478
2000000,250000,4,57.9936,53.2913
2000000,250000,4,57.5505,53.0906
2000000,250000,4,57.3702,53.0302
2000000,250000,4,57.7865,53.4094
2000000,250000,4,56.8333,52.5171
2000000,250000,4,56.7469,52.3443
2000000,250000,4,58.6489,54.2165
2000000,250000,4,56.6979,52.2984
2000000,250000,4,56.8884,52.5893
2000000,250000,4,57.6761,53.015
2000000,250000,4,58.0153,53.6363
2000000,250000,4,58.3163,53.7622
2000000,250000,4,57.4252,52.8968
2000000,250000,4,57.9556,53.3817
2000000,250000,4,59.7159,54.559
2000000,250000,4,59.9138,55.4108
2000000,250000,4,60.087,55.0421
2000000,250000,4,59.5206,55.1537
2000000,250000,4,60.5042,55.2467
2000000,250000,4,60.5595,55.7558
2000000,250000,4,60.1292,55.4086
2000000,250000,4,59.0911,54.4049
2000000,250000,4,58.0609,53.3634
2000000,250000,4,59.3067,54.893
2000000,250000,4,59.7264,54.9891
2000000,250000,4,59.236,54.5296
2000000,250000,4,58.3037,53.4918
2000000,250000,4,57.8679,53.5891
2000000,250000,4,57.2125,52.9018
2000000,250000,4,57.956,53.1543
2000000,250000,4,57.8264,53.4535
2000000,250000,4,57.4554,52.6342
2000000,250000,4,58.0439,53.7294
2000000,250000,4,58.2188,53.6626
2000000,250000,4,12.535,11.7553
